{
  "fold": 5,
  "epoch": 1,
  "train_loss": 0.0500639624232301,
  "val_loss": 0.05642458684997109,
  "model_id": "stabilityai/stable-diffusion-2-inpainting"
}