metric,f_statistic,p_value,partial_eta_squared,inpainting_mean,traditional_mean,inpainting_std,traditional_std,n_iterations,n_inpainting_methods,n_traditional_methods,n_total_observations,analysis_type
MAE,118.91676746817943,1.4981321341119827e-13,0.9143250091934251,44.34341768391928,0.2684095865885334,30.16847482563737,0.013132449683386085,3,1,13,42,Independent t-test (fallback)
RMSE,251.96850109132427,7.2953074056364745e-19,0.9576496536765263,62.61665287807252,0.2742355348457542,29.315205948353984,0.01327343911295455,3,1,13,42,Independent t-test (fallback)
MAPE,118.94375015139266,1.4930137848232134e-13,0.914342779978476,8.276538748101446,0.05009432724583548,5.630200434317305,0.0024509710228756143,3,1,13,42,Independent t-test (fallback)
