SD_Method,Total_Comparisons,Significant_0.05,Significant_0.01,Significant_0.001,Better_Than,Worse_Than,Mean_Diff_Avg,Median_Diff_Avg
rpsd2all4,13,13,13,12,0,13,57913417.21600123,845990.91236217
mtfsd2all4,13,12,12,12,0,13,41239536.361328915,1063916.74127282
gafsd2all4,13,13,13,13,0,13,134394077.37998497,1272481.940654642
specsd2all4,13,12,12,12,1,12,34354026.02705078,1493737.9200030055
