{
  "fold": 3,
  "epoch": 2,
  "train_loss": 0.04311241826160767,
  "val_loss": 0.0419455691908297,
  "model_id": "stabilityai/stable-diffusion-2-inpainting"
}