{
  "fold": 4,
  "epoch": 1,
  "train_loss": 0.04462146324887726,
  "val_loss": 0.06404399021022983,
  "model_id": "stabilityai/stable-diffusion-2-inpainting"
}